,$n$,$c$,$\nu_8$,$f$,$\epsilon$,$\frac{k_{diss}}{k_f}$,$F_f$,$Ro_f$,$Bu$,$\frac{<\bf \Omega_0 >}{{(P k_f^2)}^{2/3}}$,$E$,$t_{stat}$,$t_{\max}$,short name
WR1,1920,20,9.676842414746963e-13,21.32583810316016,0.8378326337245692,57.66973167944119,0.051788745406389516,0.03662017306600169,0.5,1.0,7.918086510180996,11.04151,99.87387,noise_c20nh1920Bu0.5
WR2,1920,20,9.676842414746963e-13,15.079644737231009,0.894440043267003,57.66973167944119,0.05292977455355374,0.05292977455355374,1.0,1.0,5.581304925683061,7.920573,99.83433,noise_c20nh1920Bu1.0
WR3,1920,20,9.676842414746963e-13,10.66291905158008,0.9381982927726932,57.66973167944119,0.05377922164374569,0.07605530462245386,2.0,1.0,4.355629456404736,6.617187,99.83117,noise_c20nh1920Bu2.0
WR4,1920,20,9.676842414746963e-13,7.539822368615504,0.9797718789776778,57.66973167944119,0.05456212669025645,0.1091242533805129,4.0,1.0,3.9394590288461537,6.115885,99.84072,noise_c20nh1920Bu4.0
